{"type":"quinoa-story","metadata":{"title":"L'Intelligence Artificielle et les métiers de cadre et professions intellectuelles supérieures","subtitle":"","authors":["Gabriel CAMON, Kamay DE SOUZA, Paul CERNAIX, Romane LARTIGUE"],"edition":"","abstract":"","version":"1.1","publicationConsent":true,"coverImage":{}},"sections":{"6e22ecc3-9286-462b-b357-2d42cb704b35":{"metadata":{"title":"Introduction","authors":[],"level":0},"contents":{"blocks":[{"key":"5qect","text":"Avant de commencer notre présentation, nous devons tout d'abord définir les termes de notre sujet ainsi que les problématiques émanantent de ce dernier. ","type":"unstyled","depth":0,"inlineStyleRanges":[],"entityRanges":[],"data":{}},{"key":"4735c","text":"Définitions :","type":"unstyled","depth":0,"inlineStyleRanges":[{"offset":0,"length":11,"style":"BOLD"},{"offset":0,"length":11,"style":"UNDERLINE"}],"entityRanges":[],"data":{}},{"key":"ef2tm","text":"Intelligence Artificielle :","type":"unstyled","depth":0,"inlineStyleRanges":[{"offset":0,"length":25,"style":"UNDERLINE"}],"entityRanges":[],"data":{}},{"key":"84bfp","text":"","type":"unstyled","depth":0,"inlineStyleRanges":[],"entityRanges":[],"data":{}},{"key":"9q6k2","text":"Cadres supérieurs / Professions intellectuelles supérieures : ","type":"unstyled","depth":0,"inlineStyleRanges":[{"offset":0,"length":59,"style":"UNDERLINE"}],"entityRanges":[],"data":{}},{"key":"66p63","text":"","type":"unstyled","depth":0,"inlineStyleRanges":[],"entityRanges":[],"data":{}},{"key":"d7c2t","text":"","type":"unstyled","depth":0,"inlineStyleRanges":[],"entityRanges":[],"data":{}},{"key":"72t2l","text":"","type":"unstyled","depth":0,"inlineStyleRanges":[],"entityRanges":[],"data":{}},{"key":"9s38t","text":"","type":"unstyled","depth":0,"inlineStyleRanges":[],"entityRanges":[],"data":{}}],"entityMap":{}},"notes":{},"notesOrder":[],"id":"6e22ecc3-9286-462b-b357-2d42cb704b35","lastUpdateAt":1699277244344},"c32f5f96-68bc-42cd-bcce-b4c051e1cc68":{"metadata":{"title":"Chapitre 1 : Une histoire de l'IA","authors":[],"level":0},"contents":{"blocks":[{"key":"22bue","text":"Qu'est-ce que l'Intelligence Artificielle ?","type":"unstyled","depth":0,"inlineStyleRanges":[{"offset":0,"length":43,"style":"BOLD"}],"entityRanges":[],"data":{}},{"key":"ahf5h","text":"","type":"unstyled","depth":0,"inlineStyleRanges":[],"entityRanges":[],"data":{}},{"key":"a80eb","text":"Histoire du luddisme","type":"unstyled","depth":0,"inlineStyleRanges":[{"offset":0,"length":20,"style":"BOLD"}],"entityRanges":[],"data":{}},{"key":"40ua2","text":"Accusant la mécanisation d'être responsable du chômage, les ouvriers britanniques commencent à briser des machines dès la fin du XVIIIème siècle. Ce mouvement de contestation, qui répondra au nom de luddisme, en référence à John Ludd (ouvrier ayant détruit des machines textiles vers 1780), finira par se généraliser à d’autres secteurs dans une Europe en voie d’industrialisation. ","type":"unstyled","depth":0,"inlineStyleRanges":[],"entityRanges":[],"data":{}},{"key":"e7odp","text":"","type":"unstyled","depth":0,"inlineStyleRanges":[],"entityRanges":[],"data":{}},{"key":"bufqd","text":"Aujourd’hui, dans la lignée des luddites, se développe un mouvement dit de “néo-luddisme”, qui revendique l’héritage, pourtant lointain, de ces ouvriers du textile jadis insurgés. Un événement s’étant déroulé aux Etats-Unis illustre parfaitement ce nouveau phénomène et les formes qu’il peut prendre : en 1995, lors d’une conférence au New York City Town Hall, le journaliste Kickpatrick Sale brisa un ordinateur devant 1500 personnes.","type":"unstyled","depth":0,"inlineStyleRanges":[],"entityRanges":[],"data":{}},{"key":"4f63m","text":"","type":"unstyled","depth":0,"inlineStyleRanges":[],"entityRanges":[],"data":{}},{"key":"8gn2c","text":"Avec le recul, même si certains historiens estiment que les néo-luddites contemporains vont un peu vite en besogne, forçant l’analogie, il reste que ni les bris de machines du début du XIXe siècle, ni les mises en cause du XXIe siècle ne sauraient être renvoyés à la figure paresseuse d’un « refus du progrès ». Bien au contraire, elles traduisent l’inquiétude sociale grandissante.","type":"unstyled","depth":0,"inlineStyleRanges":[],"entityRanges":[],"data":{}},{"key":"dg53m","text":"","type":"unstyled","depth":0,"inlineStyleRanges":[],"entityRanges":[],"data":{}},{"key":"bs8ma","text":"La représentation de l'IA dans l'art et la littérature","type":"unstyled","depth":0,"inlineStyleRanges":[{"offset":0,"length":54,"style":"BOLD"}],"entityRanges":[],"data":{}},{"key":"51h35","text":"La science-fiction agit sur notre perception de la technologie depuis le XIXème siècle avec des œuvres littéraires puis cinématographiques imaginant un futur plus ou moins proche en s’inspirant de progrès scientifiques et techniques. Les récits sur la robotisation apparaissent surtout au XXème siècle dans un contexte où la mécanisation et la robotisation commencent à prendre de l’ampleur. Ces histoires fictives représentent pour la plupart un avenir dystopique dans lequel les robots pourraient prendre le contrôle sur les humains, voire dans certaines représentations, exterminer les humains (le film Metropolis réalisé par Fritz Lang en 1927). Ces histoires évoluent ensuite vers un monde dystopique dominé par une intelligence artificielle capable d’égaler voire de surpasser l’intelligence humaine comme c’est le cas dans le film 2001 : l’Odyssée de l’Espace de Stanley Kubrick (1968) ou comme dans Blade Runner  de Ridley Scott (1982). Plus tard, dans cette même perspective, le courant cyberpunk défend cette vision dystopique et craint l’évolution d’un monde contrôlé par des entreprises technologiques et des multinationales. C’est un courant qui a notamment influencé les réalisatrices Lana et Lilly Wachowski pour leurs saga de film  Matrix (1999; 2003). ","type":"unstyled","depth":0,"inlineStyleRanges":[{"offset":606,"length":10,"style":"ITALIC"},{"offset":838,"length":29,"style":"ITALIC"},{"offset":907,"length":13,"style":"ITALIC"},{"offset":1248,"length":6,"style":"ITALIC"}],"entityRanges":[],"data":{}},{"key":"3cvu","text":"Cependant, bien que toutes ces représentations soient dystopiques et présagent un futur inquiétant avec l’émergence de l’IA, on remarque tout de même certains auteurs outsiders qui imaginent un avenir où l’intelligence artificielle améliore l'existence humaine et la vie des humains comme c’est le cas dans le film Her réalisé par Spike Jonze (2014) où ici, l’intelligence artificielle est dotée d’une empathie et (pour une fois) d’intentions positives envers les humains qu’elle désert. Par ailleurs, Thomas Michaud montre que les œuvres littéraires comme cinématographiques de science-fiction ont une influence sur notre perception de l’avenir : cet impact peut être négatif comme positif. En effet, la science-fiction peut influencer les innovateurs et les chercheurs dans leur conception de nouveaux produits technologiques comme c’est le cas du métavers et des casques de réalité virtuelle. Au départ ces éléments ont été imaginé par le roman Samouraï Virtuel écrit par Neal Stephenson en 1992 et enrichi par Player One d’Ernest Clide (2011) et sont devenus réalité avec l’Oculus Rift créé par Palmer Luckey ou encore le projet de Marc Zuckerberg au sujet d’un réseau social utilisant la réalité virtuelle immersive.","type":"unstyled","depth":0,"inlineStyleRanges":[{"offset":167,"length":9,"style":"ITALIC"},{"offset":315,"length":3,"style":"ITALIC"},{"offset":948,"length":17,"style":"ITALIC"},{"offset":1015,"length":10,"style":"ITALIC"}],"entityRanges":[],"data":{}},{"key":"6atli","text":"","type":"unstyled","depth":0,"inlineStyleRanges":[],"entityRanges":[],"data":{}}],"entityMap":{}},"notes":{},"notesOrder":[],"id":"c32f5f96-68bc-42cd-bcce-b4c051e1cc68","lastUpdateAt":1699884530846,"createdAt":1699276605602},"1530a67e-acf0-4d09-8e7c-a2eb438cc11d":{"metadata":{"title":"Chapitre 2 : L'IA et l'emploi aujourd'hui","authors":[],"level":0},"contents":{"blocks":[{"key":"5o1jj","text":"  1.La traduction intelligente","type":"unstyled","depth":0,"inlineStyleRanges":[{"offset":0,"length":30,"style":"BOLD"}],"entityRanges":[],"data":{}},{"key":"10udl","text":"  2.Chat GPT et les étudiants","type":"unstyled","depth":0,"inlineStyleRanges":[{"offset":0,"length":29,"style":"BOLD"}],"entityRanges":[],"data":{}},{"key":"1l72c","text":"","type":"unstyled","depth":0,"inlineStyleRanges":[],"entityRanges":[],"data":{}},{"key":"7nm8m","text":"  3.Journalisme et fake news","type":"unstyled","depth":0,"inlineStyleRanges":[{"offset":0,"length":28,"style":"BOLD"}],"entityRanges":[],"data":{}},{"key":"8co9l","text":"L'avènement de l’apprentissage automatique, est indissociable des deep fakes (ou hyper trucages), représente des opportunités considérables pour l’industrie du cinéma dans les effets spéciaux, mais surtout un grand danger pour l’information et le journalisme.","type":"unstyled","depth":0,"inlineStyleRanges":[{"offset":66,"length":11,"style":"ITALIC"}],"entityRanges":[],"data":{}},{"key":"2aqfe","text":"Si l’IA joue un rôle dans la manipulation de l’information et qu’on est à la peine dans les capacités de détection, des projets utilisant l’IA pour lutter contre la désinformation naissent.","type":"unstyled","depth":0,"inlineStyleRanges":[],"entityRanges":[],"data":{}},{"key":"3bt98","text":"En effet, les avancées obtenues par l’IA dans le domaine de la classification des images et dans le multilinguisme permettent de fournir des outils fiables de vérification de l’information aux journalistes et aux fact-checkeurs. Mais l’IA n’est pas une solution miracle face à la désinformation, qui est de nature très protéiforme et diffuse, d’autant plus avec la démocratisation des outils d’intelligence artificielle.","type":"unstyled","depth":0,"inlineStyleRanges":[{"offset":213,"length":14,"style":"ITALIC"}],"entityRanges":[],"data":{}},{"key":"afeo9","text":"D’autres risques existent, comme les faux positifs, c’est-à-dire qu’on suspecte les images originales d’être retouchées, alors qu’elles ne le sont pas. Par exemple, le lendemain de l’assaut du Capitole américain, l’ex-président Trump reconnaît sa défaite et appelle au calme, vidéo qui déchaîne les réactions de ses partisans les plus convaincus, qui crient au deep fake. Que se serait-il passé si un outil de détection avait validé cette hypothèse à tort ?","type":"unstyled","depth":0,"inlineStyleRanges":[{"offset":361,"length":9,"style":"ITALIC"}],"entityRanges":[],"data":{}},{"key":"c2r29","text":"De fait, la lutte contre la désinformation à un temps de retard, car elle se heurte à la « vérité terrain » des réseaux sociaux.","type":"unstyled","depth":0,"inlineStyleRanges":[],"entityRanges":[],"data":{}},{"key":"cnbmj","text":"Il est donc dans l’intérêt de la recherche de chercher à minimiser les risques d’erreurs et de faux positifs dont les conséquences pourraient être aussi néfastes que la désinformation elle-même.","type":"unstyled","depth":0,"inlineStyleRanges":[],"entityRanges":[],"data":{}},{"key":"6i6vb","text":"","type":"unstyled","depth":0,"inlineStyleRanges":[],"entityRanges":[],"data":{}},{"key":"drnn4","text":"  4.L'algorithme dans les ressources humaines : antithèse ?","type":"unstyled","depth":0,"inlineStyleRanges":[{"offset":0,"length":59,"style":"BOLD"}],"entityRanges":[],"data":{}},{"key":"4mpjd","text":"L’intelligence artificielle sera amenée à de nombreux changements dans les professions administratives, notamment dans l’automatisation et la simplification de nombreuses tâches perçues comme simples, mais ingrates. ","type":"unstyled","depth":0,"inlineStyleRanges":[],"entityRanges":[],"data":{}},{"key":"7m0h3","text":"Mais qu’en est-il pour les professions qui touchent à l’humain ? Les ressources humaines apparaissent donc comme l’antithèse même de l’usage des intelligences artificielles. Pourtant, c’est tout le contraire. Le renouvellement des contrats de travail, l’accord de congés, la mise à jour des données personnelles des salariés sont concernés.","type":"unstyled","depth":0,"inlineStyleRanges":[],"entityRanges":[],"data":{}},{"key":"4uqhd","text":"Là où l’IA se révèlera être à la fois un paradoxe et un véritable “game changer”, c’est dans les procédures de recrutement. Grâce au “matching”, la recherche de profils est beaucoup plus outillée pour les ressources humaines. Sont menées des études de compatibilité avec l’entreprise concernée, que ce soit pour les qualités, les défauts, les compétences, les soft skills et plus encore.","type":"unstyled","depth":0,"inlineStyleRanges":[{"offset":360,"length":12,"style":"ITALIC"}],"entityRanges":[],"data":{}},{"key":"5f7ii","text":"Toutefois, c’est un usage encore bien limité, voire dangereux. Par exemple, pour une campagne de recrutement d’Amazon largement médiatisée, l’entreprise a fait appel à une IA pour valider les candidats. Problème, l’IA a validé en grande majorité les hommes, car elle pensait qu’il fallait privilégier ces derniers… En effet, dans son apprentissage, elle a été influencée par les discriminations sexuelles, les catégorisant comme un facteur normal de sélection.","type":"unstyled","depth":0,"inlineStyleRanges":[],"entityRanges":[],"data":{}},{"key":"b3qeq","text":"Une intelligence artificielle capable d’indexer des performances serait ainsi capable de prévoir une démission dans le futur. Cela pose de nombreuses questions, comme la possibilité d'effectuer des licenciements anticipés pour l'IA, et une sacralisation de la productivité et de l’efficacité. On envisage un futur monde du travail soumis aux chiffres et aux nombres…","type":"unstyled","depth":0,"inlineStyleRanges":[],"entityRanges":[],"data":{}},{"key":"astij","text":"La déshumanisation de l’environnement de travail et des ressources humaines n’est évidemment pas un futur souhaitable, à charge de la loi de réglementer ces usages. Pourtant, même la justice n’est pas épargnée par l’intelligence artificielle.","type":"unstyled","depth":0,"inlineStyleRanges":[],"entityRanges":[],"data":{}},{"key":"7rvth","text":"  5.Justice prédictive : entre espoirs et déceptions","type":"unstyled","depth":0,"inlineStyleRanges":[{"offset":0,"length":52,"style":"BOLD"}],"entityRanges":[],"data":{}},{"key":"1b9bl","text":"","type":"unstyled","depth":0,"inlineStyleRanges":[],"entityRanges":[],"data":{}},{"key":"8kaci","text":"","type":"unstyled","depth":0,"inlineStyleRanges":[],"entityRanges":[],"data":{}}],"entityMap":{}},"notes":{},"notesOrder":[],"id":"1530a67e-acf0-4d09-8e7c-a2eb438cc11d","lastUpdateAt":1699280885543,"createdAt":1699276646269},"7fd656e1-69a9-4a42-a32e-0a5e5e12e67a":{"metadata":{"title":"Chapitre 3 : L'avenir de l'emploi avec l'IA","authors":[],"level":0},"contents":{"blocks":[{"key":"ab34g","text":"Destruction créatrice : mythe ou réalité ?","type":"ordered-list-item","depth":0,"inlineStyleRanges":[{"offset":0,"length":42,"style":"BOLD"}],"entityRanges":[],"data":{}},{"key":"50b41","text":"Des chiffres ","type":"ordered-list-item","depth":0,"inlineStyleRanges":[{"offset":0,"length":13,"style":"BOLD"}],"entityRanges":[],"data":{}}],"entityMap":{}},"notes":{},"notesOrder":[],"id":"7fd656e1-69a9-4a42-a32e-0a5e5e12e67a","lastUpdateAt":1699276996434,"createdAt":1699276676125},"57f80355-6cbc-4511-a887-1c4ce1fee703":{"metadata":{"title":"Chapitre 4 : L'avis des professionnels sur la question","authors":[],"level":0},"contents":{},"notes":{},"notesOrder":[],"id":"57f80355-6cbc-4511-a887-1c4ce1fee703","lastUpdateAt":1699280599637,"createdAt":1699280599637}},"sectionsOrder":["6e22ecc3-9286-462b-b357-2d42cb704b35","c32f5f96-68bc-42cd-bcce-b4c051e1cc68","1530a67e-acf0-4d09-8e7c-a2eb438cc11d","7fd656e1-69a9-4a42-a32e-0a5e5e12e67a","57f80355-6cbc-4511-a887-1c4ce1fee703"],"resources":{"f9dcedd0-3acd-4c01-98c5-e7b835e5a520":{"type":"resource","metadata":{"title":"jarvis-nouvelle-ia-rebelle-creatools-reconnaissance-vocale-couv-2","fileName":"jarvis-nouvelle-ia-rebelle-creatools-reconnaissance-vocale-couv-2.jpg","ext":"jpg","mimetype":"image/jpeg","type":"image"},"id":"f9dcedd0-3acd-4c01-98c5-e7b835e5a520","data":{"filePath":"resources/f9dcedd0-3acd-4c01-98c5-e7b835e5a520/f9dcedd0-3acd-4c01-98c5-e7b835e5a520.jpg","src":"resources/f9dcedd0-3acd-4c01-98c5-e7b835e5a520/f9dcedd0-3acd-4c01-98c5-e7b835e5a520.jpg"},"createdAt":1699277461731,"lastUpdateAt":1699277460168}},"contextualizers":{},"contextualizations":{},"settings":{"templateId":"mint","styles":{"garlic":{"options":{"notesPosition":"aside","referenceStatus":"cited","referenceTypes":["bib"],"figuresPosition":"body"},"css":"","stylesVariables":{"titles":{"color":"null","sizeClass":"normal"},"coverText":{"color":"null","sizeClass":"normal","opacity":0.8},"corpus":{"color":"null","sizeClass":"normal"},"links":{"color":"null"},"blockquotes":{"color":"null","sizeClass":"normal"},"background":{"color":"null"}}},"pepper":{"options":{"notesPosition":"aside","referenceStatus":"cited","referenceTypes":["bib"]},"stylesVariables":{}},"mint":{"options":{"notesPosition":"aside","referenceStatus":"cited","referenceTypes":["bib"]},"stylesVariables":{"titles":{"color":"#263238","sizeClass":"big"},"coverText":{"color":"#000000","sizeClass":"normal","opacity":0.8},"corpus":{"color":"#455a64","sizeClass":"normal"},"links":{"color":"null"},"blockquotes":{"color":"null","sizeClass":"normal"},"background":{"color":"#d1c4e9"}}}},"citationStyle":{"data":"<?xml version=\"1.0\" encoding=\"utf-8\"?>\n<style xmlns=\"http://purl.org/net/xbiblio/csl\" class=\"in-text\" version=\"1.0\" demote-non-dropping-particle=\"display-and-sort\" page-range-format=\"chicago\">\n  <info>\n    <title>Chicago Manual of Style 17th edition (author-date)</title>\n    <id>http://www.zotero.org/styles/chicago-author-date</id>\n    <link href=\"http://www.zotero.org/styles/chicago-author-date\" rel=\"self\"/>\n    <link href=\"http://www.chicagomanualofstyle.org/tools_citationguide.html\" rel=\"documentation\"/>\n    <author>\n      <name>Julian Onions</name>\n      <email>julian.onions@gmail.com</email>\n    </author>\n    <contributor>\n      <name>Sebastian Karcher</name>\n    </contributor>\n    <contributor>\n      <name>Richard Karnesky</name>\n      <email>karnesky+zotero@gmail.com</email>\n      <uri>http://arc.nucapt.northwestern.edu/Richard_Karnesky</uri>\n    </contributor>\n    <contributor>\n      <name>Andrew Dunning</name>\n      <email>andrew.dunning@utoronto.ca</email>\n      <uri>https://orcid.org/0000-0003-0464-5036</uri>\n    </contributor>\n    <contributor>\n      <name>Matthew Roth</name>\n      <email>matthew.g.roth@yale.edu</email>\n      <uri> https://orcid.org/0000-0001-7902-6331</uri>\n    </contributor>\n    <category citation-format=\"author-date\"/>\n    <category field=\"generic-base\"/>\n    <summary>The author-date variant of the Chicago style</summary>\n    <updated>2018-01-24T12:00:00+00:00</updated>\n    <rights license=\"http://creativecommons.org/licenses/by-sa/3.0/\">This work is licensed under a Creative Commons Attribution-ShareAlike 3.0 License</rights>\n  </info>\n  <locale xml:lang=\"en\">\n    <terms>\n      <term name=\"editor\" form=\"verb-short\">ed.</term>\n      <term name=\"container-author\" form=\"verb\">by</term>\n      <term name=\"translator\" form=\"verb-short\">trans.</term>\n      <term name=\"editortranslator\" form=\"verb\">edited and translated by</term>\n      <term name=\"translator\" form=\"short\">trans.</term>\n    </terms>\n  </locale>\n  <macro name=\"secondary-contributors\">\n    <choose>\n      <if type=\"chapter entry-dictionary entry-encyclopedia paper-conference\" match=\"none\">\n        <group delimiter=\". \">\n          <names variable=\"editor translator\" delimiter=\". \">\n            <label form=\"verb\" text-case=\"capitalize-first\" suffix=\" \"/>\n            <name and=\"text\" delimiter=\", \"/>\n          </names>\n          <names variable=\"director\" delimiter=\". \">\n            <label form=\"verb\" text-case=\"capitalize-first\" suffix=\" \"/>\n            <name and=\"text\" delimiter=\", \"/>\n          </names>\n        </group>\n      </if>\n    </choose>\n  </macro>\n  <macro name=\"container-contributors\">\n    <choose>\n      <if type=\"chapter entry-dictionary entry-encyclopedia paper-conference\" match=\"any\">\n        <group prefix=\", \" delimiter=\", \">\n          <names variable=\"container-author\" delimiter=\", \">\n            <label form=\"verb\" suffix=\" \"/>\n            <name and=\"text\" delimiter=\", \"/>\n          </names>\n          <names variable=\"editor translator\" delimiter=\", \">\n            <label form=\"verb\" suffix=\" \"/>\n            <name and=\"text\" delimiter=\", \"/>\n          </names>\n        </group>\n      </if>\n    </choose>\n  </macro>\n  <macro name=\"editor\">\n    <names variable=\"editor\">\n      <name name-as-sort-order=\"first\" and=\"text\" sort-separator=\", \" delimiter=\", \" delimiter-precedes-last=\"always\"/>\n      <label form=\"short\" prefix=\", \"/>\n    </names>\n  </macro>\n  <macro name=\"translator\">\n    <names variable=\"translator\">\n      <name name-as-sort-order=\"first\" and=\"text\" sort-separator=\", \" delimiter=\", \" delimiter-precedes-last=\"always\"/>\n      <label form=\"short\" prefix=\", \"/>\n    </names>\n  </macro>\n  <macro name=\"recipient\">\n    <choose>\n      <if type=\"personal_communication\">\n        <choose>\n          <if variable=\"genre\">\n            <text variable=\"genre\" text-case=\"capitalize-first\"/>\n          </if>\n          <else>\n            <text term=\"letter\" text-case=\"capitalize-first\"/>\n          </else>\n        </choose>\n      </if>\n    </choose>\n    <names variable=\"recipient\" delimiter=\", \">\n      <label form=\"verb\" prefix=\" \" text-case=\"lowercase\" suffix=\" \"/>\n      <name and=\"text\" delimiter=\", \"/>\n    </names>\n  </macro>\n  <macro name=\"substitute-title\">\n    <choose>\n      <if type=\"article-magazine article-newspaper review review-book\" match=\"any\">\n        <text macro=\"container-title\"/>\n      </if>\n    </choose>\n  </macro>\n  <macro name=\"contributors\">\n    <group delimiter=\". \">\n      <names variable=\"author\">\n        <name and=\"text\" name-as-sort-order=\"first\" sort-separator=\", \" delimiter=\", \" delimiter-precedes-last=\"always\"/>\n        <label form=\"short\" prefix=\", \"/>\n        <substitute>\n          <names variable=\"editor\"/>\n          <names variable=\"translator\"/>\n          <names variable=\"director\"/>\n          <text macro=\"substitute-title\"/>\n          <text macro=\"title\"/>\n        </substitute>\n      </names>\n      <text macro=\"recipient\"/>\n    </group>\n  </macro>\n  <macro name=\"contributors-short\">\n    <names variable=\"author\">\n      <name form=\"short\" and=\"text\" delimiter=\", \" initialize-with=\". \"/>\n      <substitute>\n        <names variable=\"editor\"/>\n        <names variable=\"translator\"/>\n        <names variable=\"director\"/>\n        <text macro=\"substitute-title\"/>\n        <text macro=\"title\"/>\n      </substitute>\n    </names>\n  </macro>\n  <macro name=\"interviewer\">\n    <names variable=\"interviewer\" delimiter=\", \">\n      <label form=\"verb\" prefix=\" \" text-case=\"capitalize-first\" suffix=\" \"/>\n      <name and=\"text\" delimiter=\", \"/>\n    </names>\n  </macro>\n  <macro name=\"archive\">\n    <group delimiter=\". \">\n      <text variable=\"archive_location\" text-case=\"capitalize-first\"/>\n      <text variable=\"archive\"/>\n      <text variable=\"archive-place\"/>\n    </group>\n  </macro>\n  <macro name=\"access\">\n    <group delimiter=\". \">\n      <choose>\n        <if type=\"graphic report\" match=\"any\">\n          <text macro=\"archive\"/>\n        </if>\n        <else-if type=\"article-journal bill book chapter legal_case legislation motion_picture paper-conference\" match=\"none\">\n          <text macro=\"archive\"/>\n        </else-if>\n      </choose>\n      <choose>\n        <if type=\"webpage post-weblog\" match=\"any\">\n          <date variable=\"issued\" form=\"text\"/>\n        </if>\n      </choose>\n      <choose>\n        <if variable=\"issued\" match=\"none\">\n          <group delimiter=\" \">\n            <text term=\"accessed\" text-case=\"capitalize-first\"/>\n            <date variable=\"accessed\" form=\"text\"/>\n          </group>\n        </if>\n      </choose>\n      <choose>\n        <if type=\"legal_case\" match=\"none\">\n          <choose>\n            <if variable=\"DOI\">\n              <text variable=\"DOI\" prefix=\"https://doi.org/\"/>\n            </if>\n            <else>\n              <text variable=\"URL\"/>\n            </else>\n          </choose>\n        </if>\n      </choose>\n    </group>\n  </macro>\n  <macro name=\"title\">\n    <choose>\n      <if variable=\"title\" match=\"none\">\n        <choose>\n          <if type=\"personal_communication\" match=\"none\">\n            <text variable=\"genre\" text-case=\"capitalize-first\"/>\n          </if>\n        </choose>\n      </if>\n      <else-if type=\"bill book graphic legislation motion_picture song\" match=\"any\">\n        <text variable=\"title\" text-case=\"title\" font-style=\"italic\"/>\n        <group prefix=\" (\" suffix=\")\" delimiter=\" \">\n          <text term=\"version\"/>\n          <text variable=\"version\"/>\n        </group>\n      </else-if>\n      <else-if variable=\"reviewed-author\">\n        <choose>\n          <if variable=\"reviewed-title\">\n            <group delimiter=\". \">\n              <text variable=\"title\" text-case=\"title\" quotes=\"true\"/>\n              <group delimiter=\", \">\n                <text variable=\"reviewed-title\" text-case=\"title\" font-style=\"italic\" prefix=\"Review of \"/>\n                <names variable=\"reviewed-author\">\n                  <label form=\"verb-short\" text-case=\"lowercase\" suffix=\" \"/>\n                  <name and=\"text\" delimiter=\", \"/>\n                </names>\n              </group>\n            </group>\n          </if>\n          <else>\n            <group delimiter=\", \">\n              <text variable=\"title\" text-case=\"title\" font-style=\"italic\" prefix=\"Review of \"/>\n              <names variable=\"reviewed-author\">\n                <label form=\"verb-short\" text-case=\"lowercase\" suffix=\" \"/>\n                <name and=\"text\" delimiter=\", \"/>\n              </names>\n            </group>\n          </else>\n        </choose>\n      </else-if>\n      <else-if type=\"legal_case interview patent\" match=\"any\">\n        <text variable=\"title\"/>\n      </else-if>\n      <else>\n        <text variable=\"title\" text-case=\"title\" quotes=\"true\"/>\n      </else>\n    </choose>\n  </macro>\n  <macro name=\"edition\">\n    <choose>\n      <if type=\"bill book graphic legal_case legislation motion_picture report song\" match=\"any\">\n        <choose>\n          <if is-numeric=\"edition\">\n            <group delimiter=\" \" prefix=\". \">\n              <number variable=\"edition\" form=\"ordinal\"/>\n              <text term=\"edition\" form=\"short\" strip-periods=\"true\"/>\n            </group>\n          </if>\n          <else>\n            <text variable=\"edition\" text-case=\"capitalize-first\" prefix=\". \"/>\n          </else>\n        </choose>\n      </if>\n      <else-if type=\"chapter entry-dictionary entry-encyclopedia paper-conference\" match=\"any\">\n        <choose>\n          <if is-numeric=\"edition\">\n            <group delimiter=\" \" prefix=\", \">\n              <number variable=\"edition\" form=\"ordinal\"/>\n              <text term=\"edition\" form=\"short\"/>\n            </group>\n          </if>\n          <else>\n            <text variable=\"edition\" prefix=\", \"/>\n          </else>\n        </choose>\n      </else-if>\n    </choose>\n  </macro>\n  <macro name=\"locators\">\n    <choose>\n      <if type=\"article-journal\">\n        <choose>\n          <if variable=\"volume\">\n            <text variable=\"volume\" prefix=\" \"/>\n            <group prefix=\" (\" suffix=\")\">\n              <choose>\n                <if variable=\"issue\">\n                  <text variable=\"issue\"/>\n                </if>\n                <else>\n                  <date variable=\"issued\">\n                    <date-part name=\"month\"/>\n                  </date>\n                </else>\n              </choose>\n            </group>\n          </if>\n          <else-if variable=\"issue\">\n            <group delimiter=\" \" prefix=\", \">\n              <text term=\"issue\" form=\"short\"/>\n              <text variable=\"issue\"/>\n              <date variable=\"issued\" prefix=\"(\" suffix=\")\">\n                <date-part name=\"month\"/>\n              </date>\n            </group>\n          </else-if>\n          <else>\n            <date variable=\"issued\" prefix=\", \">\n              <date-part name=\"month\"/>\n            </date>\n          </else>\n        </choose>\n      </if>\n      <else-if type=\"legal_case\">\n        <text variable=\"volume\" prefix=\", \"/>\n        <text variable=\"container-title\" prefix=\" \"/>\n        <text variable=\"page\" prefix=\" \"/>\n      </else-if>\n      <else-if type=\"bill book graphic legal_case legislation motion_picture report song\" match=\"any\">\n        <group prefix=\". \" delimiter=\". \">\n          <group>\n            <text term=\"volume\" form=\"short\" text-case=\"capitalize-first\" suffix=\" \"/>\n            <number variable=\"volume\" form=\"numeric\"/>\n          </group>\n          <group>\n            <number variable=\"number-of-volumes\" form=\"numeric\"/>\n            <text term=\"volume\" form=\"short\" prefix=\" \" plural=\"true\"/>\n          </group>\n        </group>\n      </else-if>\n      <else-if type=\"chapter entry-dictionary entry-encyclopedia paper-conference\" match=\"any\">\n        <choose>\n          <if variable=\"page\" match=\"none\">\n            <group prefix=\". \">\n              <text term=\"volume\" form=\"short\" text-case=\"capitalize-first\" suffix=\" \"/>\n              <number variable=\"volume\" form=\"numeric\"/>\n            </group>\n          </if>\n        </choose>\n      </else-if>\n    </choose>\n  </macro>\n  <macro name=\"locators-chapter\">\n    <choose>\n      <if type=\"chapter entry-dictionary entry-encyclopedia paper-conference\" match=\"any\">\n        <choose>\n          <if variable=\"page\">\n            <group prefix=\", \">\n              <text variable=\"volume\" suffix=\":\"/>\n              <text variable=\"page\"/>\n            </group>\n          </if>\n        </choose>\n      </if>\n    </choose>\n  </macro>\n  <macro name=\"locators-article\">\n    <choose>\n      <if type=\"article-newspaper\">\n        <group prefix=\", \" delimiter=\", \">\n          <group delimiter=\" \">\n            <text variable=\"edition\"/>\n            <text term=\"edition\"/>\n          </group>\n          <group>\n            <text term=\"section\" form=\"short\" suffix=\" \"/>\n            <text variable=\"section\"/>\n          </group>\n        </group>\n      </if>\n      <else-if type=\"article-journal\">\n        <choose>\n          <if variable=\"volume issue\" match=\"any\">\n            <text variable=\"page\" prefix=\": \"/>\n          </if>\n          <else>\n            <text variable=\"page\" prefix=\", \"/>\n          </else>\n        </choose>\n      </else-if>\n    </choose>\n  </macro>\n  <macro name=\"point-locators\">\n    <choose>\n      <if variable=\"locator\">\n        <choose>\n          <if locator=\"page\" match=\"none\">\n            <choose>\n              <if type=\"bill book graphic legal_case legislation motion_picture report song\" match=\"any\">\n                <choose>\n                  <if variable=\"volume\">\n                    <group>\n                      <text term=\"volume\" form=\"short\" suffix=\" \"/>\n                      <number variable=\"volume\" form=\"numeric\"/>\n                      <label variable=\"locator\" form=\"short\" prefix=\", \" suffix=\" \"/>\n                    </group>\n                  </if>\n                  <else>\n                    <label variable=\"locator\" form=\"short\" suffix=\" \"/>\n                  </else>\n                </choose>\n              </if>\n              <else>\n                <label variable=\"locator\" form=\"short\" suffix=\" \"/>\n              </else>\n            </choose>\n          </if>\n          <else-if type=\"bill book graphic legal_case legislation motion_picture report song\" match=\"any\">\n            <number variable=\"volume\" form=\"numeric\" suffix=\":\"/>\n          </else-if>\n        </choose>\n        <text variable=\"locator\"/>\n      </if>\n    </choose>\n  </macro>\n  <macro name=\"container-prefix\">\n    <text term=\"in\" text-case=\"capitalize-first\"/>\n  </macro>\n  <macro name=\"container-title\">\n    <choose>\n      <if type=\"chapter entry-dictionary entry-encyclopedia paper-conference\" match=\"any\">\n        <text macro=\"container-prefix\" suffix=\" \"/>\n      </if>\n    </choose>\n    <choose>\n      <if type=\"webpage\">\n        <text variable=\"container-title\" text-case=\"title\"/>\n      </if>\n      <else-if type=\"legal_case\" match=\"none\">\n        <group delimiter=\" \">\n          <text variable=\"container-title\" text-case=\"title\" font-style=\"italic\"/>\n          <choose>\n            <if type=\"post-weblog\">\n              <text value=\"(blog)\"/>\n            </if>\n          </choose>\n        </group>\n      </else-if>\n    </choose>\n  </macro>\n  <macro name=\"publisher\">\n    <group delimiter=\": \">\n      <text variable=\"publisher-place\"/>\n      <text variable=\"publisher\"/>\n    </group>\n  </macro>\n  <macro name=\"date\">\n    <choose>\n      <if variable=\"issued\">\n        <group delimiter=\" \">\n          <date variable=\"original-date\" form=\"text\" date-parts=\"year\" prefix=\"(\" suffix=\")\"/>\n          <date variable=\"issued\">\n            <date-part name=\"year\"/>\n          </date>\n        </group>\n      </if>\n      <else-if variable=\"status\">\n        <text variable=\"status\" text-case=\"capitalize-first\"/>\n      </else-if>\n      <else>\n        <text term=\"no date\" form=\"short\"/>\n      </else>\n    </choose>\n  </macro>\n  <macro name=\"date-in-text\">\n    <choose>\n      <if variable=\"issued\">\n        <group delimiter=\" \">\n          <date variable=\"original-date\" form=\"text\" date-parts=\"year\" prefix=\"[\" suffix=\"]\"/>\n          <date variable=\"issued\">\n            <date-part name=\"year\"/>\n          </date>\n        </group>\n      </if>\n      <else-if variable=\"status\">\n        <text variable=\"status\"/>\n      </else-if>\n      <else>\n        <text term=\"no date\" form=\"short\"/>\n      </else>\n    </choose>\n  </macro>\n  <macro name=\"day-month\">\n    <date variable=\"issued\">\n      <date-part name=\"month\"/>\n      <date-part name=\"day\" prefix=\" \"/>\n    </date>\n  </macro>\n  <macro name=\"collection-title\">\n    <choose>\n      <if match=\"none\" type=\"article-journal\">\n        <choose>\n          <if match=\"none\" is-numeric=\"collection-number\">\n            <group delimiter=\", \">\n              <text variable=\"collection-title\" text-case=\"title\"/>\n              <text variable=\"collection-number\"/>\n            </group>\n          </if>\n          <else>\n            <group delimiter=\" \">\n              <text variable=\"collection-title\" text-case=\"title\"/>\n              <text variable=\"collection-number\"/>\n            </group>\n          </else>\n        </choose>\n      </if>\n    </choose>\n  </macro>\n  <macro name=\"collection-title-journal\">\n    <choose>\n      <if type=\"article-journal\">\n        <group delimiter=\" \">\n          <text variable=\"collection-title\"/>\n          <text variable=\"collection-number\"/>\n        </group>\n      </if>\n    </choose>\n  </macro>\n  <macro name=\"event\">\n    <group>\n      <text term=\"presented at\" suffix=\" \"/>\n      <text variable=\"event\"/>\n    </group>\n  </macro>\n  <macro name=\"description\">\n    <choose>\n      <if type=\"interview\">\n        <group delimiter=\". \">\n          <text macro=\"interviewer\"/>\n          <text variable=\"medium\" text-case=\"capitalize-first\"/>\n        </group>\n      </if>\n      <else-if type=\"patent\">\n        <group delimiter=\" \" prefix=\". \">\n          <text variable=\"authority\"/>\n          <text variable=\"number\"/>\n        </group>\n      </else-if>\n      <else>\n        <text variable=\"medium\" text-case=\"capitalize-first\" prefix=\". \"/>\n      </else>\n    </choose>\n    <choose>\n      <if variable=\"title\" match=\"none\"/>\n      <else-if type=\"thesis personal_communication speech\" match=\"any\"/>\n      <else>\n        <group delimiter=\" \" prefix=\". \">\n          <text variable=\"genre\" text-case=\"capitalize-first\"/>\n          <choose>\n            <if type=\"report\">\n              <text variable=\"number\"/>\n            </if>\n          </choose>\n        </group>\n      </else>\n    </choose>\n  </macro>\n  <macro name=\"issue\">\n    <choose>\n      <if type=\"legal_case\">\n        <text variable=\"authority\" prefix=\". \"/>\n      </if>\n      <else-if type=\"speech\">\n        <group prefix=\". \" delimiter=\", \">\n          <group delimiter=\" \">\n            <text variable=\"genre\" text-case=\"capitalize-first\"/>\n            <text macro=\"event\"/>\n          </group>\n          <text variable=\"event-place\"/>\n          <text macro=\"day-month\"/>\n        </group>\n      </else-if>\n      <else-if type=\"article-newspaper article-magazine personal_communication\" match=\"any\">\n        <date variable=\"issued\" form=\"text\" prefix=\", \"/>\n      </else-if>\n      <else-if type=\"patent\">\n        <group delimiter=\", \" prefix=\", \">\n          <group delimiter=\" \">\n            <!--Needs Localization-->\n            <text value=\"filed\"/>\n            <date variable=\"submitted\" form=\"text\"/>\n          </group>\n          <group delimiter=\" \">\n            <choose>\n              <if variable=\"issued submitted\" match=\"all\">\n                <text term=\"and\"/>\n              </if>\n            </choose>\n            <!--Needs Localization-->\n            <text value=\"issued\"/>\n            <date variable=\"issued\" form=\"text\"/>\n          </group>\n        </group>\n      </else-if>\n      <else-if type=\"article-journal\" match=\"any\"/>\n      <else>\n        <group prefix=\". \" delimiter=\", \">\n          <choose>\n            <if type=\"thesis\">\n              <text variable=\"genre\" text-case=\"capitalize-first\"/>\n            </if>\n          </choose>\n          <text macro=\"publisher\"/>\n        </group>\n      </else>\n    </choose>\n  </macro>\n  <citation et-al-min=\"4\" et-al-use-first=\"1\" disambiguate-add-year-suffix=\"true\" disambiguate-add-names=\"true\" disambiguate-add-givenname=\"true\" givenname-disambiguation-rule=\"primary-name\" collapse=\"year\">\n    <layout prefix=\"(\" suffix=\")\" delimiter=\"; \">\n      <group delimiter=\", \">\n        <choose>\n          <if variable=\"issued accessed\" match=\"any\">\n            <group delimiter=\" \">\n              <text macro=\"contributors-short\"/>\n              <text macro=\"date-in-text\"/>\n            </group>\n          </if>\n          <!---comma before forthcoming and n.d.-->\n          <else>\n            <group delimiter=\", \">\n              <text macro=\"contributors-short\"/>\n              <text macro=\"date-in-text\"/>\n            </group>\n          </else>\n        </choose>\n        <text macro=\"point-locators\"/>\n      </group>\n    </layout>\n  </citation>\n  <bibliography hanging-indent=\"true\" et-al-min=\"11\" et-al-use-first=\"7\" subsequent-author-substitute=\"&#8212;&#8212;&#8212;\" entry-spacing=\"0\">\n    <sort>\n      <key macro=\"contributors\"/>\n      <key variable=\"issued\"/>\n      <key variable=\"title\"/>\n    </sort>\n    <layout suffix=\".\">\n      <group delimiter=\". \">\n        <text macro=\"contributors\"/>\n        <text macro=\"date\"/>\n        <text macro=\"title\"/>\n      </group>\n      <text macro=\"description\"/>\n      <text macro=\"secondary-contributors\" prefix=\". \"/>\n      <text macro=\"container-title\" prefix=\". \"/>\n      <text macro=\"container-contributors\"/>\n      <text macro=\"edition\"/>\n      <text macro=\"locators-chapter\"/>\n      <text macro=\"collection-title-journal\" prefix=\", \" suffix=\", \"/>\n      <text macro=\"locators\"/>\n      <text macro=\"collection-title\" prefix=\". \"/>\n      <text macro=\"issue\"/>\n      <text macro=\"locators-article\"/>\n      <text macro=\"access\" prefix=\". \"/>\n    </layout>\n  </bibliography>\n</style>\n","fileName":"chicago-author-date-en.csl","id":"chicago-author-date-en","title":"Chicago Manual of Style 16th edition (en)"},"citationLocale":{"id":"fr-FR","names":["Français (France)","French (France)"],"fileName":"locales-fr-FR.xml","data":"<?xml version=\"1.0\" encoding=\"utf-8\"?> <locale xmlns=\"http://purl.org/net/xbiblio/csl\" version=\"1.0\" xml:lang=\"fr-FR\"> <info> <translator> <name>Grégoire Colly</name> </translator> <rights license=\"http://creativecommons.org/licenses/by-sa/3.0/\">This work is licensed under a Creative Commons Attribution-ShareAlike 3.0 License</rights> <updated>2012-07-04T23:31:02+00:00</updated> </info> <style-options punctuation-in-quote=\"false\" limit-day-ordinals-to-day-1=\"true\"/> <date form=\"text\"> <date-part name=\"day\" suffix=\" \"/> <date-part name=\"month\" suffix=\" \"/> <date-part name=\"year\"/> </date> <date form=\"numeric\"> <date-part name=\"day\" form=\"numeric-leading-zeros\" suffix=\"/\"/> <date-part name=\"month\" form=\"numeric-leading-zeros\" suffix=\"/\"/> <date-part name=\"year\"/> </date> <terms> <term name=\"accessed\">consulté le</term> <term name=\"and\">et</term> <term name=\"and others\">et autres</term> <term name=\"anonymous\">anonyme</term> <term name=\"anonymous\" form=\"short\">anon.</term> <term name=\"at\">sur</term> <term name=\"available at\">disponible sur</term> <term name=\"by\">par</term> <term name=\"circa\">vers</term> <term name=\"circa\" form=\"short\">v.</term> <term name=\"cited\">cité</term> <term name=\"edition\" gender=\"feminine\"> <single>édition</single> <multiple>éditions</multiple> </term> <term name=\"edition\" form=\"short\">éd.</term> <term name=\"et-al\">et al.</term> <term name=\"forthcoming\">à paraître</term> <term name=\"from\">à l'adresse</term> <term name=\"ibid\">ibid.</term> <term name=\"in\">in</term> <term name=\"in press\">sous presse</term> <term name=\"internet\">Internet</term> <term name=\"interview\">entretien</term> <term name=\"letter\">lettre</term> <term name=\"no date\">sans date</term> <term name=\"no date\" form=\"short\">s.&#160;d.</term> <term name=\"online\">en ligne</term> <term name=\"presented at\">présenté à</term> <term name=\"reference\"> <single>référence</single> <multiple>références</multiple> </term> <term name=\"reference\" form=\"short\"> <single>réf.</single> <multiple>réf.</multiple> </term> <term name=\"retrieved\">consulté</term> <term name=\"scale\">échelle</term> <term name=\"version\">version</term> <!-- ANNO DOMINI; BEFORE CHRIST --> <term name=\"ad\">apr. J.-C.</term> <term name=\"bc\">av. J.-C.</term> <!-- PUNCTUATION --> <term name=\"open-quote\">«&#160;</term> <term name=\"close-quote\">&#160;»</term> <term name=\"open-inner-quote\">“</term> <term name=\"close-inner-quote\">”</term> <term name=\"page-range-delimiter\">&#8209;</term> <!-- non-breaking hyphen --> <!-- ORDINALS --> <term name=\"ordinal\">ᵉ</term> <term name=\"ordinal-01\" gender-form=\"feminine\" match=\"whole-number\">ʳᵉ</term> <term name=\"ordinal-01\" gender-form=\"masculine\" match=\"whole-number\">ᵉʳ</term> <!-- LONG ORDINALS --> <term name=\"long-ordinal-01\">premier</term> <term name=\"long-ordinal-02\">deuxième</term> <term name=\"long-ordinal-03\">troisième</term> <term name=\"long-ordinal-04\">quatrième</term> <term name=\"long-ordinal-05\">cinquième</term> <term name=\"long-ordinal-06\">sixième</term> <term name=\"long-ordinal-07\">septième</term> <term name=\"long-ordinal-08\">huitième</term> <term name=\"long-ordinal-09\">neuvième</term> <term name=\"long-ordinal-10\">dixième</term> <!-- LONG LOCATOR FORMS --> <term name=\"book\"> <single>livre</single> <multiple>livres</multiple> </term> <term name=\"chapter\"> <single>chapitre</single> <multiple>chapitres</multiple> </term> <term name=\"column\"> <single>colonne</single> <multiple>colonnes</multiple> </term> <term name=\"figure\"> <single>figure</single> <multiple>figures</multiple> </term> <term name=\"folio\"> <single>folio</single> <multiple>folios</multiple> </term> <term name=\"issue\" gender=\"masculine\"> <single>numéro</single> <multiple>numéros</multiple> </term> <term name=\"line\"> <single>ligne</single> <multiple>lignes</multiple> </term> <term name=\"note\"> <single>note</single> <multiple>notes</multiple> </term> <term name=\"opus\"> <single>opus</single> <multiple>opus</multiple> </term> <term name=\"page\"> <single>page</single> <multiple>pages</multiple> </term> <term name=\"number-of-pages\"> <single>page</single> <multiple>pages</multiple> </term> <term name=\"paragraph\"> <single>paragraphe</single> <multiple>paragraphes</multiple> </term> <term name=\"part\"> <single>partie</single> <multiple>parties</multiple> </term> <term name=\"section\"> <single>section</single> <multiple>sections</multiple> </term> <term name=\"sub verbo\"> <single>sub verbo</single> <multiple>sub verbis</multiple> </term> <term name=\"verse\"> <single>verset</single> <multiple>versets</multiple> </term> <term name=\"volume\" gender=\"masculine\"> <single>volume</single> <multiple>volumes</multiple> </term> <!-- SHORT LOCATOR FORMS --> <term name=\"book\" form=\"short\">liv.</term> <term name=\"chapter\" form=\"short\">chap.</term> <term name=\"column\" form=\"short\">col.</term> <term name=\"figure\" form=\"short\">fig.</term> <term name=\"folio\" form=\"short\"> <single>fᵒ</single> <multiple>fᵒˢ</multiple> </term> <term name=\"issue\" form=\"short\"> <single>nᵒ</single> <multiple>nᵒˢ</multiple> </term> <term name=\"line\" form=\"short\">l.</term> <term name=\"note\" form=\"short\">n.</term> <term name=\"opus\" form=\"short\">op.</term> <term name=\"page\" form=\"short\"> <single>p.</single> <multiple>p.</multiple> </term> <term name=\"number-of-pages\" form=\"short\"> <single>p.</single> <multiple>p.</multiple> </term> <term name=\"paragraph\" form=\"short\">paragr.</term> <term name=\"part\" form=\"short\">part.</term> <term name=\"section\" form=\"short\">sect.</term> <term name=\"sub verbo\" form=\"short\"> <single>s.&#160;v.</single> <multiple>s.&#160;vv.</multiple> </term> <term name=\"verse\" form=\"short\"> <single>v.</single> <multiple>v.</multiple> </term> <term name=\"volume\" form=\"short\"> <single>vol.</single> <multiple>vol.</multiple> </term> <!-- SYMBOL LOCATOR FORMS --> <term name=\"paragraph\" form=\"symbol\"> <single>§</single> <multiple>§</multiple> </term> <term name=\"section\" form=\"symbol\"> <single>§</single> <multiple>§</multiple> </term> <!-- LONG ROLE FORMS --> <term name=\"director\"> <single>réalisateur</single> <multiple>réalisateurs</multiple> </term> <term name=\"editor\"> <single>éditeur</single> <multiple>éditeurs</multiple> </term> <term name=\"editorial-director\"> <single>directeur</single> <multiple>directeurs</multiple> </term> <term name=\"illustrator\"> <single>illustrateur</single> <multiple>illustrateurs</multiple> </term> <term name=\"translator\"> <single>traducteur</single> <multiple>traducteurs</multiple> </term> <term name=\"editortranslator\"> <single>éditeur et traducteur</single> <multiple>éditeurs et traducteurs</multiple> </term> <!-- SHORT ROLE FORMS --> <term name=\"director\" form=\"short\"> <single>réal.</single> <multiple>réal.</multiple> </term> <term name=\"editor\" form=\"short\"> <single>éd.</single> <multiple>éd.</multiple> </term> <term name=\"editorial-director\" form=\"short\"> <single>dir.</single> <multiple>dir.</multiple> </term> <term name=\"illustrator\" form=\"short\"> <single>ill.</single> <multiple>ill.</multiple> </term> <term name=\"translator\" form=\"short\"> <single>trad.</single> <multiple>trad.</multiple> </term> <term name=\"editortranslator\" form=\"short\"> <single>éd. et trad.</single> <multiple>éd. et trad.</multiple> </term> <!-- VERB ROLE FORMS --> <term name=\"container-author\" form=\"verb\">par</term> <term name=\"director\" form=\"verb\">réalisé par</term> <term name=\"editor\" form=\"verb\">édité par</term> <term name=\"editorial-director\" form=\"verb\">sous la direction de</term> <term name=\"illustrator\" form=\"verb\">illustré par</term> <term name=\"interviewer\" form=\"verb\">entretien réalisé par</term> <term name=\"recipient\" form=\"verb\">à</term> <term name=\"reviewed-author\" form=\"verb\">par</term> <term name=\"translator\" form=\"verb\">traduit par</term> <term name=\"editortranslator\" form=\"verb\">édité et traduit par</term> <!-- SHORT VERB ROLE FORMS --> <term name=\"director\" form=\"verb-short\">réal. par</term> <term name=\"editor\" form=\"verb-short\">éd. par</term> <term name=\"editorial-director\" form=\"verb-short\">ss la dir. de</term> <term name=\"illustrator\" form=\"verb-short\">ill. par</term> <term name=\"translator\" form=\"verb-short\">trad. par</term> <term name=\"editortranslator\" form=\"verb-short\">éd. et trad. par</term> <!-- LONG MONTH FORMS --> <term name=\"month-01\" gender=\"masculine\">janvier</term> <term name=\"month-02\" gender=\"masculine\">février</term> <term name=\"month-03\" gender=\"masculine\">mars</term> <term name=\"month-04\" gender=\"masculine\">avril</term> <term name=\"month-05\" gender=\"masculine\">mai</term> <term name=\"month-06\" gender=\"masculine\">juin</term> <term name=\"month-07\" gender=\"masculine\">juillet</term> <term name=\"month-08\" gender=\"masculine\">août</term> <term name=\"month-09\" gender=\"masculine\">septembre</term> <term name=\"month-10\" gender=\"masculine\">octobre</term> <term name=\"month-11\" gender=\"masculine\">novembre</term> <term name=\"month-12\" gender=\"masculine\">décembre</term> <!-- SHORT MONTH FORMS --> <term name=\"month-01\" form=\"short\">janv.</term> <term name=\"month-02\" form=\"short\">févr.</term> <term name=\"month-03\" form=\"short\">mars</term> <term name=\"month-04\" form=\"short\">avr.</term> <term name=\"month-05\" form=\"short\">mai</term> <term name=\"month-06\" form=\"short\">juin</term> <term name=\"month-07\" form=\"short\">juill.</term> <term name=\"month-08\" form=\"short\">août</term> <term name=\"month-09\" form=\"short\">sept.</term> <term name=\"month-10\" form=\"short\">oct.</term> <term name=\"month-11\" form=\"short\">nov.</term> <term name=\"month-12\" form=\"short\">déc.</term> <!-- SEASONS --> <term name=\"season-01\">printemps</term> <term name=\"season-02\">été</term> <term name=\"season-03\">automne</term> <term name=\"season-04\">hiver</term> </terms> </locale>"}},"id":"bdffc842-77b0-4a43-94ff-807cec742703","createdAt":1699276528838,"lastUpdateAt":1699884533558}